open_time,open,high,low,close,volume,close_time,quote_asset_volume,number_of_trades
2017-08-14 00:00:00+00:00,301.13,312.18,278.0,299.1,21224.89324,2017-08-20 23:59:59.999000+00:00,6376472.2941321,14013
2017-08-21 00:00:00+00:00,299.1,348.13,144.21,348.13,45233.88589,2017-08-27 23:59:59.999000+00:00,14567413.9774931,42362
2017-08-28 00:00:00+00:00,348.11,394.39,320.08,341.77,33886.41427,2017-09-03 23:59:59.999000+00:00,12290734.0894182,35671
2017-09-04 00:00:00+00:00,339.29,344.55,235.55,293.5,35485.23332,2017-09-10 23:59:59.999000+00:00,10710999.6628445,33803
2017-09-11 00:00:00+00:00,293.51,316.46,192.0,257.55,58259.63439,2017-09-17 23:59:59.999000+00:00,14998281.4008156,44796
2017-09-18 00:00:00+00:00,257.53,306.22,252.1,282.0,18833.39464,2017-09-24 23:59:59.999000+00:00,5292294.1590878,23585
2017-09-25 00:00:00+00:00,282.0,313.0,274.0,303.95,42726.28598,2017-10-01 23:59:59.999000+00:00,12635978.1520511,65402
2017-10-02 00:00:00+00:00,303.94,318.5,283.18,311.07,25352.7189,2017-10-08 23:59:59.999000+00:00,7569786.4741921,46739
2017-10-09 00:00:00+00:00,311.13,353.96,286.65,337.96,58855.77319,2017-10-15 23:59:59.999000+00:00,18828903.7321769,49530
2017-10-16 00:00:00+00:00,337.5,354.0,284.68,293.79,62901.0251,2017-10-22 23:59:59.999000+00:00,19532458.8041082,48976
2017-10-23 00:00:00+00:00,293.78,310.0,272.2,305.0,62381.73012,2017-10-29 23:59:59.999000+00:00,18428149.0513303,46338
2017-10-30 00:00:00+00:00,305.0,316.0,274.73,295.53,62514.42916,2017-11-05 23:59:59.999000+00:00,18567418.2764419,65325
2017-11-06 00:00:00+00:00,295.19,329.0,281.01,305.24,91617.71857,2017-11-12 23:59:59.999000+00:00,27756083.135704,70856
2017-11-13 00:00:00+00:00,304.0,373.56,303.7,354.15,114805.04703,2017-11-19 23:59:59.999000+00:00,38056342.9060487,73053
2017-11-20 00:00:00+00:00,355.15,484.47,350.02,462.84,161563.3564,2017-11-26 23:59:59.999000+00:00,65799137.7800395,92375
2017-11-27 00:00:00+00:00,462.84,515.0,385.0,460.3,227584.5006,2017-12-03 23:59:59.999000+00:00,102998151.1805946,135117
2017-12-04 00:00:00+00:00,460.3,488.0,375.01,427.35,246454.47236,2017-12-10 23:59:59.999000+00:00,107834672.472558,204388
2017-12-11 00:00:00+00:00,427.35,747.6,427.35,707.64,305806.30833,2017-12-17 23:59:59.999000+00:00,191846858.821031,302030
2017-12-18 00:00:00+00:00,707.62,864.9,504.99,658.0,594909.64588,2017-12-24 23:59:59.999000+00:00,417083308.5080552,514657
2017-12-25 00:00:00+00:00,659.4,766.05,599.99,733.98,479152.58214,2017-12-31 23:59:59.999000+00:00,340620171.9613985,636926
2018-01-01 00:00:00+00:00,733.01,1125.0,716.8,1123.09,593710.08794,2018-01-07 23:59:59.999000+00:00,548775395.9481493,774639
2018-01-08 00:00:00+00:00,1123.09,1440.0,910.0,1347.0,900313.84206,2018-01-14 23:59:59.999000+00:00,1105250963.3796098,1085201
2018-01-15 00:00:00+00:00,1347.99,1383.13,755.0,1049.0,1610343.15922,2018-01-21 23:59:59.999000+00:00,1636484673.085153,1579403
2018-01-22 00:00:00+00:00,1049.0,1277.0,908.0,1251.96,984564.6015,2018-01-28 23:59:59.999000+00:00,1033542684.7170984,1183236
2018-01-29 00:00:00+00:00,1251.96,1258.89,783.67,823.56,1288157.7921,2018-02-04 23:59:59.999000+00:00,1291807049.1362147,2035734
2018-02-05 00:00:00+00:00,821.6,911.2,570.1,808.99,1880969.80396,2018-02-11 23:59:59.999000+00:00,1417347163.9502704,2376930
2018-02-12 00:00:00+00:00,808.58,978.5,807.46,911.0,945634.50225,2018-02-18 23:59:59.999000+00:00,855338972.301696,1900664
2018-02-19 00:00:00+00:00,911.0,961.0,785.99,841.19,817168.83052,2018-02-25 23:59:59.999000+00:00,705772348.5324789,1602654
2018-02-26 00:00:00+00:00,841.46,897.49,833.0,866.66,339146.17952,2018-03-04 23:59:59.999000+00:00,293933097.9777608,647758
2018-03-05 00:00:00+00:00,866.61,871.75,640.0,720.85,518077.34039,2018-03-11 23:59:59.999000+00:00,381896298.80188257,814448
2018-03-12 00:00:00+00:00,721.0,740.5,450.0,537.0,689358.91685,2018-03-18 23:59:59.999000+00:00,404661476.4777548,940610
2018-03-19 00:00:00+00:00,537.39,590.52,506.71,523.74,814381.08669,2018-03-25 23:59:59.999000+00:00,440528658.1518349,912398
2018-03-26 00:00:00+00:00,523.95,527.67,356.9,378.58,1215092.80189,2018-04-01 23:59:59.999000+00:00,506585038.7112212,1036957
2018-04-02 00:00:00+00:00,378.58,419.08,362.54,400.4,715369.80224,2018-04-08 23:59:59.999000+00:00,276796640.02859473,646777
2018-04-09 00:00:00+00:00,400.4,535.0,387.1,533.88,1051295.44518,2018-04-15 23:59:59.999000+00:00,489259243.76974064,874243
2018-04-16 00:00:00+00:00,533.88,643.49,497.31,620.92,852000.58094,2018-04-22 23:59:59.999000+00:00,479005266.0817316,798979
2018-04-23 00:00:00+00:00,620.67,712.99,593.83,690.85,1104058.97603,2018-04-29 23:59:59.999000+00:00,725688589.0854167,1075376
2018-04-30 00:00:00+00:00,690.85,839.99,627.58,794.3,1036650.04606,2018-05-06 23:59:59.999000+00:00,770315733.6591272,975224
2018-05-07 00:00:00+00:00,794.3,799.14,633.2,729.08,1153492.95325,2018-05-13 23:59:59.999000+00:00,828769721.5971869,1031743
2018-05-14 00:00:00+00:00,729.08,743.9,656.0,716.16,817659.25411,2018-05-20 23:59:59.999000+00:00,575274321.3504186,806223
2018-05-21 00:00:00+00:00,716.16,720.46,550.0,570.4,948926.78252,2018-05-27 23:59:59.999000+00:00,581935378.5469328,845752
2018-05-28 00:00:00+00:00,570.81,628.81,506.11,619.66,812736.78468,2018-06-03 23:59:59.999000+00:00,458417584.94601953,697323
2018-06-04 00:00:00+00:00,619.66,625.47,501.13,524.11,594206.95569,2018-06-10 23:59:59.999000+00:00,346484123.2716781,540773
2018-06-11 00:00:00+00:00,524.64,538.88,449.06,497.14,1100916.41379,2018-06-17 23:59:59.999000+00:00,550405632.9430168,840770
2018-06-18 00:00:00+00:00,497.15,548.2,419.53,454.41,1001118.9147,2018-06-24 23:59:59.999000+00:00,493785860.97977823,832065
2018-06-25 00:00:00+00:00,454.29,474.47,404.48,452.1,846302.28807,2018-07-01 23:59:59.999000+00:00,372743985.5987092,671183
2018-07-02 00:00:00+00:00,452.14,495.98,444.16,486.77,925993.61335,2018-07-08 23:59:59.999000+00:00,436169462.3787256,744308
2018-07-09 00:00:00+00:00,486.55,488.98,416.94,449.78,1017062.08356,2018-07-15 23:59:59.999000+00:00,449644140.9315955,677697
2018-07-16 00:00:00+00:00,449.79,515.47,440.0,457.47,1091022.57425,2018-07-22 23:59:59.999000+00:00,518572912.6481933,800106
2018-07-23 00:00:00+00:00,457.47,485.77,447.11,466.4,1103214.93743,2018-07-29 23:59:59.999000+00:00,517184670.54084355,695134
2018-07-30 00:00:00+00:00,466.4,469.79,396.61,408.79,1322055.51631,2018-08-05 23:59:59.999000+00:00,559830059.5449172,750897
2018-08-06 00:00:00+00:00,408.77,413.28,304.45,317.89,1628951.45513,2018-08-12 23:59:59.999000+00:00,582744851.8432515,940113
2018-08-13 00:00:00+00:00,317.96,321.99,250.0,299.42,2482234.79159,2018-08-19 23:59:59.999000+00:00,720057266.2090764,1136036
2018-08-20 00:00:00+00:00,299.3,304.04,259.5,274.29,1882848.41639,2018-08-26 23:59:59.999000+00:00,524223472.09239966,887972
2018-08-27 00:00:00+00:00,274.17,302.0,271.59,295.41,2011520.42595,2018-09-02 23:59:59.999000+00:00,575277328.9005522,931502
2018-09-03 00:00:00+00:00,295.51,296.62,185.02,195.81,2833081.76826,2018-09-09 23:59:59.999000+00:00,674959160.9312342,1122752
2018-09-10 00:00:00+00:00,196.13,227.42,167.32,220.17,3839317.7231,2018-09-16 23:59:59.999000+00:00,774117806.0103307,1189784
2018-09-17 00:00:00+00:00,220.24,255.13,192.4,244.5,3979103.65229,2018-09-23 23:59:59.999000+00:00,871458586.3623357,1164773
2018-09-24 00:00:00+00:00,244.54,246.2,203.61,232.94,3911449.60008,2018-09-30 23:59:59.999000+00:00,872444376.1993046,1305142
2018-10-01 00:00:00+00:00,233.04,235.88,216.51,226.14,1470674.08032,2018-10-07 23:59:59.999000+00:00,332654634.20275074,566181
2018-10-08 00:00:00+00:00,226.26,232.7,189.01,197.01,1365460.76116,2018-10-14 23:59:59.999000+00:00,286099511.2951417,537913
2018-10-15 00:00:00+00:00,196.84,239.0,194.6,207.49,1824150.84173,2018-10-21 23:59:59.999000+00:00,390740751.70000225,704379
2018-10-22 00:00:00+00:00,207.46,209.3,202.14,204.99,679114.68995,2018-10-28 23:59:59.999000+00:00,139799913.4515684,347819
2018-10-29 00:00:00+00:00,204.99,218.76,193.01,212.11,754496.10693,2018-11-04 23:59:59.999000+00:00,151897385.41758,470055
2018-11-05 00:00:00+00:00,212.13,224.8,207.62,212.54,1153858.40192,2018-11-11 23:59:59.999000+00:00,247636420.60089728,596324
2018-11-12 00:00:00+00:00,212.6,214.22,170.99,178.97,1629773.99539,2018-11-18 23:59:59.999000+00:00,303817752.3309318,785654
2018-11-19 00:00:00+00:00,179.04,179.33,102.95,118.67,4458881.10776,2018-11-25 23:59:59.999000+00:00,590132643.6669964,1530513
2018-11-26 00:00:00+00:00,118.65,126.8,102.36,116.57,3283256.60646,2018-12-02 23:59:59.999000+00:00,378635852.5118891,1158508
2018-12-03 00:00:00+00:00,116.63,116.96,82.07,93.26,3788787.23257,2018-12-09 23:59:59.999000+00:00,364441878.5071628,1222210
2018-12-10 00:00:00+00:00,93.26,95.21,81.79,84.67,2141950.36794,2018-12-16 23:59:59.999000+00:00,187819826.9302828,669317
2018-12-17 00:00:00+00:00,84.68,131.94,84.4,129.03,4697375.84257,2018-12-23 23:59:59.999000+00:00,508734690.7417112,1564550
2018-12-24 00:00:00+00:00,129.03,157.67,111.22,137.77,6548154.0068,2018-12-30 23:59:59.999000+00:00,862540626.3254281,2016204
2018-12-31 00:00:00+00:00,137.81,159.26,128.7,153.86,4742285.9092,2019-01-06 23:59:59.999000+00:00,699545330.7684411,1403032
2019-01-07 00:00:00+00:00,153.89,155.48,111.87,114.16,3305739.76924,2019-01-13 23:59:59.999000+00:00,443556468.31698096,1200352
2019-01-14 00:00:00+00:00,114.17,130.05,113.94,117.47,3167206.1506,2019-01-20 23:59:59.999000+00:00,384810167.8108432,1139034
2019-01-21 00:00:00+00:00,117.56,119.49,111.04,112.05,1701869.00225,2019-01-27 23:59:59.999000+00:00,197169037.92723167,699130
2019-01-28 00:00:00+00:00,112.04,112.87,100.91,107.36,2164892.69065,2019-02-03 23:59:59.999000+00:00,230631772.1200548,760140
2019-02-04 00:00:00+00:00,107.33,126.49,101.21,125.12,2109564.37374,2019-02-10 23:59:59.999000+00:00,236983198.2524771,758915
2019-02-11 00:00:00+00:00,125.12,135.61,118.18,133.75,2433609.46437,2019-02-17 23:59:59.999000+00:00,300684002.3543269,815284
2019-02-18 00:00:00+00:00,133.77,166.0,131.7,132.1,5104408.79455,2019-02-24 23:59:59.999000+00:00,747195148.1358471,1525833
2019-02-25 00:00:00+00:00,132.1,141.55,126.84,130.6,3202711.78874,2019-03-03 23:59:59.999000+00:00,434824270.6573003,1035061
2019-03-04 00:00:00+00:00,130.6,140.29,122.6,135.37,2466852.26445,2019-03-10 23:59:59.999000+00:00,330524967.7620544,862246
2019-03-11 00:00:00+00:00,135.37,144.47,128.52,138.67,1950556.34149,2019-03-17 23:59:59.999000+00:00,264895348.8075588,704359
2019-03-18 00:00:00+00:00,138.67,142.01,131.21,136.09,1595031.95453,2019-03-24 23:59:59.999000+00:00,218861140.0822225,610095
2019-03-25 00:00:00+00:00,136.12,145.89,131.6,141.38,1527493.50939,2019-03-31 23:59:59.999000+00:00,211364306.5767835,635098
2019-04-01 00:00:00+00:00,141.41,177.81,139.57,174.21,4682350.74461,2019-04-07 23:59:59.999000+00:00,756592690.4737203,1546541
2019-04-08 00:00:00+00:00,174.29,185.87,158.11,167.23,3173198.2282,2019-04-14 23:59:59.999000+00:00,547094031.7689108,1098310
2019-04-15 00:00:00+00:00,167.21,176.97,155.7,168.59,2073468.55135,2019-04-21 23:59:59.999000+00:00,348882879.9632147,704078
2019-04-22 00:00:00+00:00,168.59,175.83,150.35,157.85,2351796.62105,2019-04-28 23:59:59.999000+00:00,382952310.1713993,841899
2019-04-29 00:00:00+00:00,157.86,171.3,152.0,163.05,1936000.05256,2019-05-05 23:59:59.999000+00:00,313367394.13153595,724853
2019-05-06 00:00:00+00:00,163.05,205.23,157.55,188.11,3954333.71537,2019-05-12 23:59:59.999000+00:00,712622595.0712801,1196641
2019-05-13 00:00:00+00:00,188.07,279.76,185.32,259.51,6868504.39636,2019-05-19 23:59:59.999000+00:00,1632546820.95481,2207749
2019-05-20 00:00:00+00:00,259.37,269.4,231.1,264.45,3669883.90618,2019-05-26 23:59:59.999000+00:00,915639963.8687047,1340223
2019-05-27 00:00:00+00:00,264.35,288.62,240.14,268.88,3853966.15643,2019-06-02 23:59:59.999000+00:00,1031262654.3105618,1545248
2019-06-03 00:00:00+00:00,268.87,270.0,226.56,230.98,2523474.68248,2019-06-09 23:59:59.999000+00:00,621101382.0545628,1189818
2019-06-10 00:00:00+00:00,231.02,277.06,227.03,267.73,2252582.27731,2019-06-16 23:59:59.999000+00:00,576694987.5710715,1155436
2019-06-17 00:00:00+00:00,267.73,321.7,261.45,308.52,2733197.44329,2019-06-23 23:59:59.999000+00:00,788738019.1516988,1431531
2019-06-24 00:00:00+00:00,308.42,366.8,280.01,292.7,4167486.86453,2019-06-30 23:59:59.999000+00:00,1315082561.5244093,2056280
2019-07-01 00:00:00+00:00,292.89,309.69,272.65,304.72,2328170.87156,2019-07-07 23:59:59.999000+00:00,677135328.7127569,1281738
2019-07-08 00:00:00+00:00,304.72,318.19,222.81,225.85,2570474.77861,2019-07-14 23:59:59.999000+00:00,716173162.6753293,1403179
2019-07-15 00:00:00+00:00,225.83,235.58,191.84,225.38,3702593.97392,2019-07-21 23:59:59.999000+00:00,803120907.893712,1694143
2019-07-22 00:00:00+00:00,225.49,228.34,198.24,211.62,1918512.39614,2019-07-28 23:59:59.999000+00:00,411017422.56966686,1127348
2019-07-29 00:00:00+00:00,211.58,224.51,204.4,221.79,1367725.8281,2019-08-04 23:59:59.999000+00:00,294191202.27655715,826921
2019-08-05 00:00:00+00:00,221.79,239.15,202.6,216.42,1838376.65357,2019-08-11 23:59:59.999000+00:00,407243671.2924937,1034153
2019-08-12 00:00:00+00:00,216.41,216.81,178.04,194.33,1449205.64889,2019-08-18 23:59:59.999000+00:00,279934302.7179486,833172
2019-08-19 00:00:00+00:00,194.32,203.59,179.53,186.54,1489606.75608,2019-08-25 23:59:59.999000+00:00,285693299.7635694,871881
2019-08-26 00:00:00+00:00,186.54,193.7,163.61,170.74,1666774.59952,2019-09-01 23:59:59.999000+00:00,292976902.3232442,824445
2019-09-02 00:00:00+00:00,170.73,184.18,165.0,181.19,2001202.34115,2019-09-08 23:59:59.999000+00:00,352220020.4897749,952998
2019-09-09 00:00:00+00:00,181.18,190.45,173.0,189.03,1826939.04547,2019-09-15 23:59:59.999000+00:00,331666686.3134642,819273
2019-09-16 00:00:00+00:00,189.05,223.94,188.3,211.2,3951341.9735,2019-09-22 23:59:59.999000+00:00,826063647.3491408,1140799
2019-09-23 00:00:00+00:00,211.2,211.68,150.03,169.24,5097163.08635,2019-09-29 23:59:59.999000+00:00,885812141.112959,1438506
2019-09-30 00:00:00+00:00,169.26,185.53,165.01,170.1,2820611.48061,2019-10-06 23:59:59.999000+00:00,494699799.1284978,836315
2019-10-07 00:00:00+00:00,170.08,196.65,168.68,180.99,3056149.34901,2019-10-13 23:59:59.999000+00:00,562805549.0008417,1045833
2019-10-14 00:00:00+00:00,180.98,188.37,168.66,175.22,2247422.26846,2019-10-20 23:59:59.999000+00:00,397460601.1657381,956839
2019-10-21 00:00:00+00:00,175.18,197.74,153.45,183.75,4501297.56849,2019-10-27 23:59:59.999000+00:00,787659412.691859,1553133
2019-10-28 00:00:00+00:00,183.84,192.74,177.02,181.54,2804889.93094,2019-11-03 23:59:59.999000+00:00,515453013.3603937,1171611
2019-11-04 00:00:00+00:00,181.53,195.09,180.36,188.96,2195989.60819,2019-11-10 23:59:59.999000+00:00,410411681.0360403,1058610
2019-11-11 00:00:00+00:00,188.96,190.19,177.67,183.82,1734302.4578,2019-11-17 23:59:59.999000+00:00,319948792.7311554,796681
2019-11-18 00:00:00+00:00,183.82,184.06,138.0,139.96,2959667.29355,2019-11-24 23:59:59.999000+00:00,472737596.9673712,1203459
2019-11-25 00:00:00+00:00,139.99,157.6,131.45,150.73,2885963.25712,2019-12-01 23:59:59.999000+00:00,426306438.4345416,1039710
2019-12-02 00:00:00+00:00,150.72,151.98,143.15,150.44,1730180.30155,2019-12-08 23:59:59.999000+00:00,255411641.4887212,696628
2019-12-09 00:00:00+00:00,150.44,151.19,139.24,142.46,1304567.68741,2019-12-15 23:59:59.999000+00:00,189016674.1268192,591881
2019-12-16 00:00:00+00:00,142.46,142.72,116.26,132.09,2942146.25781,2019-12-22 23:59:59.999000+00:00,377078924.9096878,986340
2019-12-23 00:00:00+00:00,132.12,138.07,121.91,134.36,1875482.03334,2019-12-29 23:59:59.999000+00:00,241347519.53047353,730036
2019-12-30 00:00:00+00:00,134.36,138.19,125.88,135.37,1795260.59717,2020-01-05 23:59:59.999000+00:00,237128474.8776993,741363
2020-01-06 00:00:00+00:00,135.37,148.05,134.86,146.54,2799620.12572,2020-01-12 23:59:59.999000+00:00,396698400.15528333,1165106
2020-01-13 00:00:00+00:00,146.56,179.5,142.27,166.79,4574976.7459,2020-01-19 23:59:59.999000+00:00,751647663.202645,1572723
2020-01-20 00:00:00+00:00,166.79,171.47,155.55,167.86,2213273.18068,2020-01-26 23:59:59.999000+00:00,363198924.9266879,875860
2020-01-27 00:00:00+00:00,167.91,193.43,165.22,188.44,2832021.07663,2020-02-02 23:59:59.999000+00:00,505650270.3723618,1174753
2020-02-03 00:00:00+00:00,188.48,230.65,184.69,228.49,3470997.26544,2020-02-09 23:59:59.999000+00:00,724859683.3634787,1581980
2020-02-10 00:00:00+00:00,228.53,288.41,216.37,258.85,5939621.23312,2020-02-16 23:59:59.999000+00:00,1531193362.1799345,2394220
2020-02-17 00:00:00+00:00,258.89,285.88,242.0,274.48,5188469.50121,2020-02-23 23:59:59.999000+00:00,1365458324.5497403,2050507
2020-02-24 00:00:00+00:00,274.5,277.2,210.0,217.81,6457932.90023,2020-03-01 23:59:59.999000+00:00,1511709841.3658957,2235415
2020-03-02 00:00:00+00:00,217.81,251.93,195.5,199.43,5137680.00487,2020-03-08 23:59:59.999000+00:00,1169342351.3560936,1791263
2020-03-09 00:00:00+00:00,199.43,208.62,86.0,123.78,14789815.70106,2020-03-15 23:59:59.999000+00:00,2178346698.8139024,4031990
2020-03-16 00:00:00+00:00,123.82,152.55,101.1,122.32,11531693.74471,2020-03-22 23:59:59.999000+00:00,1434584795.7228136,3322771
2020-03-23 00:00:00+00:00,122.31,143.36,119.5,124.5,6613460.31407,2020-03-29 23:59:59.999000+00:00,880904806.5702285,2046998
2020-03-30 00:00:00+00:00,124.47,149.76,124.06,142.68,4918442.82175,2020-04-05 23:59:59.999000+00:00,677699035.8493748,1481215
2020-04-06 00:00:00+00:00,142.69,176.22,142.6,158.59,7843255.9423,2020-04-12 23:59:59.999000+00:00,1283987017.9383104,2094660
2020-04-13 00:00:00+00:00,158.56,189.54,148.33,180.03,6963042.65527,2020-04-19 23:59:59.999000+00:00,1167514838.3714104,1758664
2020-04-20 00:00:00+00:00,180.02,200.0,166.7,197.38,7306676.73642,2020-04-26 23:59:59.999000+00:00,1338645236.8195424,1900174
2020-04-27 00:00:00+00:00,197.39,227.3,189.29,209.86,6890363.53637,2020-05-03 23:59:59.999000+00:00,1434072815.1823306,2170583
2020-05-04 00:00:00+00:00,209.86,216.61,179.59,187.54,6902379.63527,2020-05-10 23:59:59.999000+00:00,1404313044.4435835,2129976
2020-05-11 00:00:00+00:00,187.62,209.85,176.0,207.0,5967260.43774,2020-05-17 23:59:59.999000+00:00,1170109877.664287,1580858
2020-05-18 00:00:00+00:00,207.02,217.07,191.71,199.9,5331065.62027,2020-05-24 23:59:59.999000+00:00,1109137788.7174232,1462064
2020-05-25 00:00:00+00:00,199.9,247.0,196.9,231.57,4530088.58138,2020-05-31 23:59:59.999000+00:00,996101709.6267661,1606160
2020-06-01 00:00:00+00:00,231.56,253.8,225.0,244.56,4414708.13506,2020-06-07 23:59:59.999000+00:00,1065341025.9402221,1734456
2020-06-08 00:00:00+00:00,244.57,250.28,226.2,231.77,3056442.5613,2020-06-14 23:59:59.999000+00:00,733323470.8889253,1318565
2020-06-15 00:00:00+00:00,231.74,237.3,218.27,228.04,3144051.5027,2020-06-21 23:59:59.999000+00:00,722650570.9703672,1231428
2020-06-22 00:00:00+00:00,228.03,249.24,216.0,224.93,4445766.32605,2020-06-28 23:59:59.999000+00:00,1039118340.1225132,1455509
2020-06-29 00:00:00+00:00,224.89,232.71,221.26,227.56,3100841.13838,2020-07-05 23:59:59.999000+00:00,703327753.8520758,1139501
2020-07-06 00:00:00+00:00,227.54,248.88,226.93,242.79,4289886.14639,2020-07-12 23:59:59.999000+00:00,1029302199.562206,1558056
2020-07-13 00:00:00+00:00,242.76,245.33,230.02,239.11,3001686.69182,2020-07-19 23:59:59.999000+00:00,711664203.9761308,1220336
2020-07-20 00:00:00+00:00,239.12,318.75,234.05,311.0,6076641.38733,2020-07-26 23:59:59.999000+00:00,1674220270.045439,2329922
2020-07-27 00:00:00+00:00,311.02,415.85,305.86,372.42,9244824.67952,2020-08-02 23:59:59.999000+00:00,3185192229.391866,3883687
2020-08-03 00:00:00+00:00,372.45,407.0,362.85,390.14,6576993.39017,2020-08-09 23:59:59.999000+00:00,2566700752.5643654,2972625
2020-08-10 00:00:00+00:00,390.14,444.71,365.85,433.62,6590597.87305,2020-08-16 23:59:59.999000+00:00,2678316928.655504,3064625
2020-08-17 00:00:00+00:00,433.61,446.0,379.92,390.71,5203572.95772,2020-08-23 23:59:59.999000+00:00,2136501046.9231591,2538564
2020-08-24 00:00:00+00:00,390.72,429.89,370.0,428.94,5591687.53907,2020-08-30 23:59:59.999000+00:00,2205635395.9166727,2470329
2020-08-31 00:00:00+00:00,428.94,488.84,308.42,352.8,13682780.96188,2020-09-06 23:59:59.999000+00:00,5457886003.97784,5620101
2020-09-07 00:00:00+00:00,352.85,390.43,323.0,366.42,7754669.03464,2020-09-13 23:59:59.999000+00:00,2758634029.6068487,3273394
2020-09-14 00:00:00+00:00,366.43,394.14,355.0,371.04,6092193.56225,2020-09-20 23:59:59.999000+00:00,2288439990.6519055,2588166
2020-09-21 00:00:00+00:00,371.04,376.8,313.29,357.49,6100378.29173,2020-09-27 23:59:59.999000+00:00,2102309601.503232,2212725
2020-09-28 00:00:00+00:00,357.58,370.45,334.24,352.37,3981294.62941,2020-10-04 23:59:59.999000+00:00,1407537844.1709194,1500083
2020-10-05 00:00:00+00:00,352.34,378.4,332.18,374.16,3805329.06825,2020-10-11 23:59:59.999000+00:00,1348434327.4371617,1461232
2020-10-12 00:00:00+00:00,374.17,394.8,361.18,378.11,3956236.57263,2020-10-18 23:59:59.999000+00:00,1488333713.0616896,1506652
2020-10-19 00:00:00+00:00,378.12,420.73,365.27,405.86,5074779.73349,2020-10-25 23:59:59.999000+00:00,2010798677.869531,1993119
2020-10-26 00:00:00+00:00,405.85,411.11,373.29,396.67,4755933.41039,2020-11-01 23:59:59.999000+00:00,1863876616.7757576,1902676
2020-11-02 00:00:00+00:00,396.68,468.28,370.23,454.3,8341893.09966,2020-11-08 23:59:59.999000+00:00,3502153238.3081512,3172370
2020-11-09 00:00:00+00:00,454.29,478.01,433.09,448.08,6539780.57886,2020-11-15 23:59:59.999000+00:00,2993099735.1554837,2915961
2020-11-16 00:00:00+00:00,448.07,580.88,445.45,560.03,9174279.77279,2020-11-22 23:59:59.999000+00:00,4595159841.343019,3861116
2020-11-23 00:00:00+00:00,560.03,623.0,481.0,576.3,10429209.47146,2020-11-29 23:59:59.999000+00:00,5803313677.301596,5139669
2020-11-30 00:00:00+00:00,576.32,635.7,560.0,601.54,8027609.54695,2020-12-06 23:59:59.999000+00:00,4791088231.23418,4164747
2020-12-07 00:00:00+00:00,601.59,603.15,530.43,590.7,4909009.26296,2020-12-13 23:59:59.999000+00:00,2777420915.595064,2763601
2020-12-14 00:00:00+00:00,590.81,676.25,575.6,638.18,6936775.7109,2020-12-20 23:59:59.999000+00:00,4398464689.991926,3787771
2020-12-21 00:00:00+00:00,638.1,717.13,551.28,685.11,7473808.93661,2020-12-27 23:59:59.999000+00:00,4690669745.581462,4407111
2020-12-28 00:00:00+00:00,685.1,1011.07,681.04,978.28,9447316.9862,2021-01-03 23:59:59.999000+00:00,7400088411.248161,6041708
2021-01-04 00:00:00+00:00,978.33,1348.33,890.0,1254.25,16846289.4178,2021-01-10 23:59:59.999000+00:00,19133523177.289143,11730126
2021-01-11 00:00:00+00:00,1254.24,1298.0,915.0,1232.45,14358744.29849,2021-01-17 23:59:59.999000+00:00,16141330142.524939,10366890
2021-01-18 00:00:00+00:00,1232.5,1438.3,1042.31,1392.51,12347266.70021,2021-01-24 23:59:59.999000+00:00,15741163317.332508,10396825
2021-01-25 00:00:00+00:00,1392.19,1475.0,1207.0,1312.55,11196117.05291,2021-01-31 23:59:59.999000+00:00,14975230148.305536,9652436
2021-02-01 00:00:00+00:00,1312.45,1760.49,1269.99,1611.62,9848664.63364,2021-02-07 23:59:59.999000+00:00,15379183101.120811,9165416
2021-02-08 00:00:00+00:00,1611.46,1871.72,1563.89,1800.42,6832312.13113,2021-02-14 23:59:59.999000+00:00,12048068089.782185,7325462
2021-02-15 00:00:00+00:00,1800.03,2042.34,1655.67,1933.53,6415195.21066,2021-02-21 23:59:59.999000+00:00,12036952424.79776,7041361
2021-02-22 00:00:00+00:00,1933.54,1936.29,1293.18,1419.18,10465746.31715,2021-02-28 23:59:59.999000+00:00,16352841616.940794,10070711
2021-03-01 00:00:00+00:00,1418.67,1734.16,1409.91,1726.16,6929607.56181,2021-03-07 23:59:59.999000+00:00,10805341301.256664,7673031
2021-03-08 00:00:00+00:00,1726.46,1944.3,1664.96,1848.1,6286994.50162,2021-03-14 23:59:59.999000+00:00,11360467111.440428,8081702
2021-03-15 00:00:00+00:00,1848.1,1891.76,1711.68,1782.98,4470159.77967,2021-03-21 23:59:59.999000+00:00,8033959244.439458,6336703
2021-03-22 00:00:00+00:00,1783.23,1807.51,1536.92,1687.01,3923684.95499,2021-03-28 23:59:59.999000+00:00,6552937560.790531,4987120
2021-03-29 00:00:00+00:00,1687.16,2146.0,1677.85,2075.69,4835867.4205,2021-04-04 23:59:59.999000+00:00,9385410342.403685,6883371
2021-04-05 00:00:00+00:00,2075.7,2200.0,1930.01,2151.36,4226761.72748,2021-04-11 23:59:59.999000+00:00,8784130702.740095,6846401
2021-04-12 00:00:00+00:00,2151.42,2548.29,1946.8,2235.64,6115364.25272,2021-04-18 23:59:59.999000+00:00,14079892572.965242,10255180
2021-04-19 00:00:00+00:00,2235.65,2644.47,2055.0,2320.49,9598920.80397,2021-04-25 23:59:59.999000+00:00,22178377683.633488,13279982
2021-04-26 00:00:00+00:00,2320.44,2985.0,2303.64,2949.56,5669052.5008,2021-05-02 23:59:59.999000+00:00,15256591803.14196,10027247
2021-05-03 00:00:00+00:00,2949.33,3983.65,2949.32,3923.95,8141949.96585,2021-05-09 23:59:59.999000+00:00,28213988647.858784,15883334
2021-05-10 00:00:00+00:00,3923.95,4372.72,3343.06,3582.1,9789006.91047,2021-05-16 23:59:59.999000+00:00,38338792200.10493,19272185
2021-05-17 00:00:00+00:00,3581.81,3587.06,1728.74,2096.39,17769636.20886,2021-05-23 23:59:59.999000+00:00,46925946627.06897,24743175
2021-05-24 00:00:00+00:00,2096.63,2910.0,2079.94,2385.98,11069936.93243,2021-05-30 23:59:59.999000+00:00,28023163391.552193,16325792
2021-05-31 00:00:00+00:00,2385.82,2891.95,2271.44,2711.92,7305827.50833,2021-06-06 23:59:59.999000+00:00,19414934856.6618,11391839
2021-06-07 00:00:00+00:00,2711.92,2847.55,2256.22,2509.33,6934583.77736,2021-06-13 23:59:59.999000+00:00,17404896544.439472,10026432
2021-06-14 00:00:00+00:00,2509.33,2640.0,2040.68,2243.47,4489080.67414,2021-06-20 23:59:59.999000+00:00,10613448712.439907,6887752
2021-06-21 00:00:00+00:00,2243.49,2260.16,1700.48,1982.28,7332181.21578,2021-06-27 23:59:59.999000+00:00,13997004965.9619,8901264
2021-06-28 00:00:00+00:00,1982.27,2389.93,1960.52,2322.69,5406154.19687,2021-07-04 23:59:59.999000+00:00,11617513694.730518,9061451
2021-07-05 00:00:00+00:00,2322.69,2409.0,2046.51,2140.45,4693880.50963,2021-07-11 23:59:59.999000+00:00,10408289822.88635,6931776
2021-07-12 00:00:00+00:00,2140.54,2167.83,1844.45,1891.64,4066002.34167,2021-07-18 23:59:59.999000+00:00,7954932195.226336,5495740
2021-07-19 00:00:00+00:00,1891.65,2199.5,1706.0,2189.79,5095347.76508,2021-07-25 23:59:59.999000+00:00,10043866903.258553,6997862
2021-07-26 00:00:00+00:00,2189.82,2697.61,2150.5,2555.69,5641339.08902,2021-08-01 23:59:59.999000+00:00,13351540585.385715,10325310
2021-08-02 00:00:00+00:00,2555.5,3189.99,2442.32,3011.85,6778999.94652,2021-08-08 23:59:59.999000+00:00,18914335888.715137,13791294
2021-08-09 00:00:00+00:00,3011.84,3330.98,2893.23,3307.09,5111451.04173,2021-08-15 23:59:59.999000+00:00,16121890943.316448,10863543
2021-08-16 00:00:00+00:00,3307.35,3335.0,2950.0,3238.0,4086298.92413,2021-08-22 23:59:59.999000+00:00,12921563358.459494,8695538
2021-08-23 00:00:00+00:00,3238.0,3377.89,3053.3,3223.47,3117774.63185,2021-08-29 23:59:59.999000+00:00,10039639108.652489,6498840
2021-08-30 00:00:00+00:00,3223.47,4027.88,3143.0,3950.29,4245485.901,2021-09-05 23:59:59.999000+00:00,15356154256.185717,10184035
2021-09-06 00:00:00+00:00,3950.28,3970.0,3005.0,3404.21,4465879.63069,2021-09-12 23:59:59.999000+00:00,15562327051.434004,9206360
2021-09-13 00:00:00+00:00,3404.3,3676.28,3108.49,3328.62,2944982.7767,2021-09-19 23:59:59.999000+00:00,10046677546.012846,6563825
2021-09-20 00:00:00+00:00,3328.57,3347.82,2652.0,3059.37,5153870.38815,2021-09-26 23:59:59.999000+00:00,15289932997.404049,9438303
2021-09-27 00:00:00+00:00,3059.36,3488.0,2782.0,3417.73,3371510.7334,2021-10-03 23:59:59.999000+00:00,10448806999.31189,7022345
2021-10-04 00:00:00+00:00,3417.73,3695.0,3270.0,3414.22,3329200.9484,2021-10-10 23:59:59.999000+00:00,11701493557.136703,8839192
2021-10-11 00:00:00+00:00,3414.22,3971.0,3371.0,3846.85,3025204.9133,2021-10-17 23:59:59.999000+00:00,11122176561.622938,7831901
2021-10-18 00:00:00+00:00,3847.0,4375.0,3676.0,4082.33,3218953.34257,2021-10-24 23:59:59.999000+00:00,12922558587.552408,9059474
2021-10-25 00:00:00+00:00,4082.33,4460.47,3890.17,4287.21,3405230.00401,2021-10-31 23:59:59.999000+00:00,14322408800.347406,9947941
2021-11-01 00:00:00+00:00,4287.48,4665.87,4146.3,4612.59,2574084.52541,2021-11-07 23:59:59.999000+00:00,11514301926.8275,7988073
2021-11-08 00:00:00+00:00,4612.59,4868.0,4461.93,4626.5,2487265.63617,2021-11-14 23:59:59.999000+00:00,11665212913.089252,7302478
2021-11-15 00:00:00+00:00,4626.5,4772.01,3956.44,4258.31,3286912.079,2021-11-21 23:59:59.999000+00:00,14082284710.869753,7978926
2021-11-22 00:00:00+00:00,4259.7,4551.0,3913.0,4294.78,3257951.4345,2021-11-28 23:59:59.999000+00:00,13718501392.397327,7595225
2021-11-29 00:00:00+00:00,4294.77,4778.75,3503.68,4196.44,4436039.4119,2021-12-05 23:59:59.999000+00:00,19160112597.834606,10055277
2021-12-06 00:00:00+00:00,4196.44,4488.0,3828.22,4130.0,3290695.878,2021-12-12 23:59:59.999000+00:00,13721313251.680996,6985497
2021-12-13 00:00:00+00:00,4130.0,4142.75,3643.73,3924.14,2948431.565,2021-12-19 23:59:59.999000+00:00,11485289729.482805,6629570
2021-12-20 00:00:00+00:00,3924.14,4150.0,3753.0,4063.56,2019411.7582,2021-12-26 23:59:59.999000+00:00,8079918831.463964,4835632
2021-12-27 00:00:00+00:00,4063.57,4127.46,3585.0,3828.27,1709257.0777,2022-01-02 23:59:59.999000+00:00,6519243008.417892,4183713
2022-01-03 00:00:00+00:00,3828.11,3900.73,3000.0,3151.97,2765390.1877,2022-01-09 23:59:59.999000+00:00,9421537023.63452,5953855
2022-01-10 00:00:00+00:00,3151.97,3411.43,2928.83,3346.88,2298174.7327,2022-01-16 23:59:59.999000+00:00,7413452258.134578,4519727
2022-01-17 00:00:00+00:00,3346.89,3357.57,2300.0,2539.01,3957668.21457,2022-01-23 23:59:59.999000+00:00,10938143849.09483,7363616
2022-01-24 00:00:00+00:00,2539.0,2722.0,2159.0,2601.68,4191797.71368,2022-01-30 23:59:59.999000+00:00,10242533620.187988,7314180
2022-01-31 00:00:00+00:00,2601.67,3074.56,2476.07,3054.99,2957715.47702,2022-02-06 23:59:59.999000+00:00,8228189196.159555,5639209
2022-02-07 00:00:00+00:00,3055.0,3283.66,2836.7,2871.13,2959352.1091,2022-02-13 23:59:59.999000+00:00,9115449019.942472,5552815
2022-02-14 00:00:00+00:00,2871.14,3196.19,2576.0,2621.99,2822641.1922,2022-02-20 23:59:59.999000+00:00,8218975484.5225935,4710672
2022-02-21 00:00:00+00:00,2621.99,2878.0,2300.0,2616.79,5102759.6041,2022-02-27 23:59:59.999000+00:00,13328956332.244764,7810800
2022-02-28 00:00:00+00:00,2616.79,3043.91,2535.0,2551.29,3629909.1001,2022-03-06 23:59:59.999000+00:00,10189094608.480272,6257753
2022-03-07 00:00:00+00:00,2551.3,2775.85,2445.0,2515.65,3334395.4868,2022-03-13 23:59:59.999000+00:00,8659726452.932423,4719412
2022-03-14 00:00:00+00:00,2515.66,2987.7,2498.67,2861.38,3153485.9131,2022-03-20 23:59:59.999000+00:00,8673043476.347252,4951982
2022-03-21 00:00:00+00:00,2861.39,3299.37,2829.81,3295.65,3077928.9636,2022-03-27 23:59:59.999000+00:00,9368489229.435732,5072955
2022-03-28 00:00:00+00:00,3295.65,3580.34,3210.68,3521.91,3217954.996,2022-04-03 23:59:59.999000+00:00,10944500414.841972,5560597
2022-04-04 00:00:00+00:00,3521.9,3555.0,3143.15,3203.04,2989389.3282,2022-04-10 23:59:59.999000+00:00,9904388196.54851,4926733
2022-04-11 00:00:00+00:00,3203.04,3213.63,2950.0,2988.06,2770152.0815,2022-04-17 23:59:59.999000+00:00,8447451716.245867,3951868
2022-04-18 00:00:00+00:00,2988.07,3180.0,2883.22,2921.0,2706293.2595,2022-04-24 23:59:59.999000+00:00,8184495778.754887,3822165
2022-04-25 00:00:00+00:00,2920.99,3039.54,2709.26,2824.81,3513007.2245,2022-05-01 23:59:59.999000+00:00,10065326219.555784,4782341
2022-05-02 00:00:00+00:00,2824.81,2965.85,2484.0,2519.71,4016957.5406,2022-05-08 23:59:59.999000+00:00,10987038612.876976,4980121
2022-05-09 00:00:00+00:00,2519.71,2530.78,1800.0,2145.29,9665837.76962,2022-05-15 23:59:59.999000+00:00,21026975448.383343,12246127
2022-05-16 00:00:00+00:00,2145.29,2145.29,1903.18,2043.19,3934960.6044,2022-05-22 23:59:59.999000+00:00,7909472854.276682,5415203
2022-05-23 00:00:00+00:00,2043.19,2088.5,1703.0,1813.64,5151103.95681,2022-05-29 23:59:59.999000+00:00,9585960681.630373,5450468
2022-05-30 00:00:00+00:00,1813.64,2016.45,1737.0,1806.23,4894188.4294,2022-06-05 23:59:59.999000+00:00,9103452322.631155,5019674
2022-06-06 00:00:00+00:00,1806.22,1920.0,1423.0,1434.84,7417256.10137,2022-06-12 23:59:59.999000+00:00,12535962574.958387,6604771
2022-06-13 00:00:00+00:00,1434.84,1455.0,881.56,1128.53,16453316.35098,2022-06-19 23:59:59.999000+00:00,18657541167.16877,14411248
2022-06-20 00:00:00+00:00,1128.53,1280.0,1043.65,1197.79,8696393.6118,2022-06-26 23:59:59.999000+00:00,9978209639.449347,7914091
2022-06-27 00:00:00+00:00,1197.79,1238.93,998.0,1074.26,7610801.1468,2022-07-03 23:59:59.999000+00:00,8400847128.753584,6463507
2022-07-04 00:00:00+00:00,1074.26,1276.46,1045.37,1168.36,7546048.7849,2022-07-10 23:59:59.999000+00:00,8810789967.463015,6521866
2022-07-11 00:00:00+00:00,1168.37,1422.91,1006.32,1338.65,10309759.7535,2022-07-17 23:59:59.999000+00:00,12111714305.370125,9355369
2022-07-18 00:00:00+00:00,1338.65,1664.34,1336.07,1597.7,9506416.08871,2022-07-24 23:59:59.999000+00:00,14636276500.181236,9842217
2022-07-25 00:00:00+00:00,1597.7,1784.79,1356.17,1678.12,8346331.74535,2022-07-31 23:59:59.999000+00:00,13291881204.351908,9204497
2022-08-01 00:00:00+00:00,1678.12,1749.93,1559.28,1700.19,5365873.8771,2022-08-07 23:59:59.999000+00:00,8874694316.806225,7502368
2022-08-08 00:00:00+00:00,1700.2,2030.0,1656.78,1935.31,6005908.6758,2022-08-14 23:59:59.999000+00:00,11095588128.982937,7790488
2022-08-15 00:00:00+00:00,1935.32,2012.47,1523.67,1618.13,6245075.8822,2022-08-21 23:59:59.999000+00:00,11075956317.685335,8045180
2022-08-22 00:00:00+00:00,1618.13,1722.0,1424.0,1426.76,5680094.1028,2022-08-28 23:59:59.999000+00:00,9057599624.377892,7511948
2022-08-29 00:00:00+00:00,1426.76,1650.0,1422.08,1579.28,5044263.2551,2022-09-04 23:59:59.999000+00:00,7847814922.906389,7303513
2022-09-05 00:00:00+00:00,1579.29,1789.0,1490.66,1766.11,4668123.4131,2022-09-11 23:59:59.999000+00:00,7684888287.815278,6561555
2022-09-12 00:00:00+00:00,1766.12,1783.0,1325.55,1334.51,5784488.7576,2022-09-18 23:59:59.999000+00:00,9016547779.985247,7952091
2022-09-19 00:00:00+00:00,1334.51,1408.9,1220.0,1294.63,5736574.9099,2022-09-25 23:59:59.999000+00:00,7565908739.828645,7247764
2022-09-26 00:00:00+00:00,1294.62,1400.0,1253.2,1276.72,4714233.4876,2022-10-02 23:59:59.999000+00:00,6248873409.029929,5752095
2022-10-03 00:00:00+00:00,1276.72,1383.99,1263.04,1323.13,2899060.4732,2022-10-09 23:59:59.999000+00:00,3880579020.471679,4246918
2022-10-10 00:00:00+00:00,1323.13,1343.12,1190.0,1305.95,3388589.4231,2022-10-16 23:59:59.999000+00:00,4359774327.631974,4366431
2022-10-17 00:00:00+00:00,1305.96,1371.55,1252.65,1364.2,2951869.4931,2022-10-23 23:59:59.999000+00:00,3860712484.1456094,3579248
2022-10-24 00:00:00+00:00,1364.19,1663.06,1324.17,1590.44,6094414.837,2022-10-30 23:59:59.999000+00:00,9226735015.237568,7184747
2022-10-31 00:00:00+00:00,1590.45,1680.0,1502.32,1568.29,4581252.7508,2022-11-06 23:59:59.999000+00:00,7266447583.428435,5675381
2022-11-07 00:00:00+00:00,1568.25,1608.04,1073.53,1221.49,9856350.1681,2022-11-13 23:59:59.999000+00:00,12856429014.81681,13647934
2022-11-14 00:00:00+00:00,1221.5,1291.2,1132.65,1142.21,3872561.5274,2022-11-20 23:59:59.999000+00:00,4732252766.127394,5639080
2022-11-21 00:00:00+00:00,1142.21,1235.66,1075.0,1193.88,3852198.0722,2022-11-27 23:59:59.999000+00:00,4462097443.678077,4954216
2022-11-28 00:00:00+00:00,1193.88,1309.77,1151.02,1279.41,3279474.5966,2022-12-04 23:59:59.999000+00:00,4094604345.545465,4710731
2022-12-05 00:00:00+00:00,1279.4,1305.11,1218.01,1263.01,2267254.9617,2022-12-11 23:59:59.999000+00:00,2862688271.100078,3351255
2022-12-12 00:00:00+00:00,1263.0,1352.72,1155.32,1183.06,3300225.297,2022-12-18 23:59:59.999000+00:00,4143543432.630187,4009231
2022-12-19 00:00:00+00:00,1183.06,1237.99,1150.51,1218.51,1978460.2941,2022-12-25 23:59:59.999000+00:00,2386533155.0099287,3086472
2022-12-26 00:00:00+00:00,1218.52,1233.73,1181.06,1200.34,1565275.6649,2023-01-01 23:59:59.999000+00:00,1881312176.942144,2391806
2023-01-02 00:00:00+00:00,1200.33,1296.0,1193.0,1290.16,1874373.9047,2023-01-08 23:59:59.999000+00:00,2333950635.870206,2521706
2023-01-09 00:00:00+00:00,1290.15,1599.98,1285.44,1552.52,4219468.6884,2023-01-15 23:59:59.999000+00:00,5995974332.998142,4991777
2023-01-16 00:00:00+00:00,1552.52,1679.26,1501.39,1627.44,3509158.2566,2023-01-22 23:59:59.999000+00:00,5563072183.617033,4805895
2023-01-23 00:00:00+00:00,1627.43,1660.0,1518.0,1644.72,3426332.1614,2023-01-29 23:59:59.999000+00:00,5471217280.111512,4691772
2023-01-30 00:00:00+00:00,1644.73,1714.68,1535.0,1629.02,3234339.8978,2023-02-05 23:59:59.999000+00:00,5268538692.169582,5038057
2023-02-06 00:00:00+00:00,1629.01,1697.91,1490.0,1514.83,2973123.9347,2023-02-12 23:59:59.999000+00:00,4742110523.124836,4641402
2023-02-13 00:00:00+00:00,1514.82,1742.97,1461.93,1679.75,3974311.7909,2023-02-19 23:59:59.999000+00:00,6421789933.460156,5755354
2023-02-20 00:00:00+00:00,1679.74,1719.89,1557.33,1641.36,3113162.2863,2023-02-26 23:59:59.999000+00:00,5123368045.573016,5232820
2023-02-27 00:00:00+00:00,1641.37,1677.86,1544.39,1564.58,3002562.809,2023-03-05 23:59:59.999000+00:00,4831157752.481016,4631329
2023-03-06 00:00:00+00:00,1564.57,1594.19,1368.39,1580.33,5261721.2704,2023-03-12 23:59:59.999000+00:00,7800469660.256953,6534783
2023-03-13 00:00:00+00:00,1580.33,1841.36,1565.0,1780.68,6262787.8403,2023-03-19 23:59:59.999000+00:00,10651976477.200106,9142146
2023-03-20 00:00:00+00:00,1780.67,1857.16,1710.12,1773.88,4323928.0818,2023-03-26 23:59:59.999000+00:00,7671877696.937458,6679415
2023-03-27 00:00:00+00:00,1773.88,1847.28,1686.13,1794.51,3373183.9183,2023-04-02 23:59:59.999000+00:00,6014711890.497768,5384044
2023-04-03 00:00:00+00:00,1794.51,1942.98,1762.77,1858.92,2964842.5896,2023-04-09 23:59:59.999000+00:00,5499843557.054501,6865131
2023-04-10 00:00:00+00:00,1858.91,2141.54,1846.4,2118.67,3684963.8428,2023-04-16 23:59:59.999000+00:00,7344658098.943278,5106675
2023-04-17 00:00:00+00:00,2118.66,2125.0,1825.0,1862.0,3606341.1812,2023-04-23 23:59:59.999000+00:00,7086965465.607824,5082400
2023-04-24 00:00:00+00:00,1862.01,1964.72,1785.0,1870.09,3455930.7413,2023-04-30 23:59:59.999000+00:00,6505337788.982606,4920197
2023-05-01 00:00:00+00:00,1870.08,2019.0,1806.12,1870.4,3206970.9473,2023-05-07 23:59:59.999000+00:00,6070225084.00406,4786842
2023-05-08 00:00:00+00:00,1870.41,1887.47,1740.0,1799.21,3088278.6267,2023-05-14 23:59:59.999000+00:00,5624882961.753959,4272783
2023-05-15 00:00:00+00:00,1799.2,1846.7,1771.12,1804.91,1877652.6148,2023-05-21 23:59:59.999000+00:00,3407350956.478124,2946727
2023-05-22 00:00:00+00:00,1804.91,1918.65,1761.41,1908.64,2198755.7685,2023-05-28 23:59:59.999000+00:00,4016568564.0395646,3199624
2023-05-29 00:00:00+00:00,1908.64,1927.62,1840.0,1890.01,1810516.8326,2023-06-04 23:59:59.999000+00:00,3418990750.083204,2781449
2023-06-05 00:00:00+00:00,1890.0,1898.29,1715.03,1752.76,2735840.9155,2023-06-11 23:59:59.999000+00:00,4970373524.978636,3858095
2023-06-12 00:00:00+00:00,1752.77,1770.13,1626.01,1720.95,2052207.1051,2023-06-18 23:59:59.999000+00:00,3501748038.7645807,3039628
2023-06-19 00:00:00+00:00,1720.95,1936.42,1698.0,1898.8,2571304.7446,2023-06-25 23:59:59.999000+00:00,4756279887.339061,3433157
2023-06-26 00:00:00+00:00,1898.8,1959.2,1816.56,1937.48,2555824.0945,2023-07-02 23:59:59.999000+00:00,4814136025.350568,3256642
2023-07-03 00:00:00+00:00,1937.49,1976.16,1826.0,1862.8,1745434.2954,2023-07-09 23:59:59.999000+00:00,3332053832.414675,2412565
2023-07-10 00:00:00+00:00,1862.81,2029.11,1846.63,1922.11,2021480.9564,2023-07-16 23:59:59.999000+00:00,3896307470.325721,2652841
2023-07-17 00:00:00+00:00,1922.12,1936.18,1851.18,1888.73,1454848.7617,2023-07-23 23:59:59.999000+00:00,2760466926.6977553,2082011
2023-07-24 00:00:00+00:00,1888.74,1890.86,1833.19,1861.79,1234833.0557,2023-07-30 23:59:59.999000+00:00,2301021465.901742,1790999
2023-07-31 00:00:00+00:00,1861.79,1879.74,1813.8,1830.28,1323802.4295,2023-08-06 23:59:59.999000+00:00,2440238407.563495,1844367
2023-08-07 00:00:00+00:00,1830.28,1876.51,1802.0,1840.73,1076853.3198,2023-08-13 23:59:59.999000+00:00,1987961748.621808,1650149
2023-08-14 00:00:00+00:00,1840.73,1856.5,1550.0,1685.24,2319472.4485,2023-08-20 23:59:59.999000+00:00,3999013698.5829663,2911544
2023-08-21 00:00:00+00:00,1685.23,1702.11,1580.0,1658.33,1662375.1205,2023-08-27 23:59:59.999000+00:00,2749362776.169276,2169706
2023-08-28 00:00:00+00:00,1658.33,1745.84,1602.33,1635.84,1763401.206,2023-09-03 23:59:59.999000+00:00,2948217467.9603047,2277716
2023-09-04 00:00:00+00:00,1635.84,1670.0,1600.0,1617.42,1308523.2053,2023-09-10 23:59:59.999000+00:00,2135106175.697674,1987022
2023-09-11 00:00:00+00:00,1617.42,1654.08,1531.01,1622.48,1646998.1296,2023-09-17 23:59:59.999000+00:00,2641972770.20211,2502805
2023-09-18 00:00:00+00:00,1622.48,1669.5,1567.77,1580.71,1263736.9807,2023-09-24 23:59:59.999000+00:00,2045249408.559388,2347428
2023-09-25 00:00:00+00:00,1580.71,1751.0,1563.01,1733.79,1522616.2518,2023-10-01 23:59:59.999000+00:00,2495362719.084514,3100790
2023-10-02 00:00:00+00:00,1733.8,1744.0,1606.73,1632.84,1508277.4331,2023-10-08 23:59:59.999000+00:00,2494966852.120136,3603939
2023-10-09 00:00:00+00:00,1632.85,1636.0,1521.0,1557.77,1491107.7151,2023-10-15 23:59:59.999000+00:00,2333403403.114516,3494816
2023-10-16 00:00:00+00:00,1557.78,1667.8,1541.61,1663.7,1768361.9508,2023-10-22 23:59:59.999000+00:00,2817652632.7583046,3810571
2023-10-23 00:00:00+00:00,1663.69,1865.54,1657.07,1795.14,2612130.0596,2023-10-29 23:59:59.999000+00:00,4642763718.313896,5451489
2023-10-30 00:00:00+00:00,1795.14,1912.67,1777.11,1891.71,2246065.6763,2023-11-05 23:59:59.999000+00:00,4104503766.5541673,4748831
2023-11-06 00:00:00+00:00,1891.71,2136.99,1850.32,2044.68,3217824.3491,2023-11-12 23:59:59.999000+00:00,6424564928.008388,5762828
2023-11-13 00:00:00+00:00,2044.69,2118.0,1904.0,2011.47,2909811.5943,2023-11-19 23:59:59.999000+00:00,5837102318.256619,5463350
2023-11-20 00:00:00+00:00,2011.47,2133.02,1928.41,2062.33,2436005.7188,2023-11-26 23:59:59.999000+00:00,4972138606.288015,4498948
2023-11-27 00:00:00+00:00,2062.34,2217.27,1985.78,2192.95,2059877.6581,2023-12-03 23:59:59.999000+00:00,4280113118.443677,3964716
2023-12-04 00:00:00+00:00,2192.96,2403.0,2188.33,2352.39,2855044.4905,2023-12-10 23:59:59.999000+00:00,6538123587.749961,5589502
2023-12-11 00:00:00+00:00,2352.39,2355.0,2144.32,2196.52,2589192.8571,2023-12-17 23:59:59.999000+00:00,5785372356.552676,5547397
2023-12-18 00:00:00+00:00,2196.53,2343.15,2116.6,2264.05,2772501.3746,2023-12-24 23:59:59.999000+00:00,6219132304.5645075,5695332
2023-12-25 00:00:00+00:00,2264.04,2445.8,2178.45,2281.87,2701603.8776,2023-12-31 23:59:59.999000+00:00,6247569644.382104,5629657
2024-01-01 00:00:00+00:00,2281.87,2431.3,2100.0,2221.42,2729092.4564,2024-01-07 23:59:59.999000+00:00,6206804228.446822,5422816
2024-01-08 00:00:00+00:00,2221.42,2717.32,2166.38,2472.87,4583690.2125,2024-01-14 23:59:59.999000+00:00,11389137889.471537,9461709
2024-01-15 00:00:00+00:00,2472.87,2614.43,2415.2,2457.05,2198099.091,2024-01-21 23:59:59.999000+00:00,5517715050.678248,5598873
2024-01-22 00:00:00+00:00,2457.06,2466.1,2168.07,2256.9,2634723.4541,2024-01-28 23:59:59.999000+00:00,5975838454.033676,5502351
2024-01-29 00:00:00+00:00,2256.9,2391.98,2233.8,2289.79,1929216.6968,2024-02-04 23:59:59.999000+00:00,4446731028.459143,4633583
2024-02-05 00:00:00+00:00,2289.79,2539.63,2269.11,2507.21,2183844.0391,2024-02-11 23:59:59.999000+00:00,5290160181.0944805,5815198
2024-02-12 00:00:00+00:00,2507.22,2895.0,2472.0,2881.2,2884670.9657,2024-02-18 23:59:59.999000+00:00,7866239122.450828,7906480
2024-02-19 00:00:00+00:00,2881.2,3122.0,2856.93,3112.59,3325600.6648,2024-02-25 23:59:59.999000+00:00,9835240917.647,8327195
2024-02-26 00:00:00+00:00,3112.6,3522.81,3036.59,3487.81,3918303.8282,2024-03-03 23:59:59.999000+00:00,13040120115.629751,10929944
2024-03-04 00:00:00+00:00,3487.8,3993.75,3200.0,3878.47,4876443.9626,2024-03-10 23:59:59.999000+00:00,18214060825.646656,13083480
2024-03-11 00:00:00+00:00,3878.47,4093.92,3412.0,3644.71,4498501.7667,2024-03-17 23:59:59.999000+00:00,17206654474.632874,13237137
2024-03-18 00:00:00+00:00,3644.7,3645.02,3056.56,3454.98,4573957.9796,2024-03-24 23:59:59.999000+00:00,15435917706.705185,13302135
2024-03-25 00:00:00+00:00,3454.99,3678.86,3420.12,3645.29,2678017.3235,2024-03-31 23:59:59.999000+00:00,9535234404.393774,8003687
2024-04-01 00:00:00+00:00,3645.29,3645.95,3202.79,3454.2,2537269.621,2024-04-07 23:59:59.999000+00:00,8512590174.720036,6928534
2024-04-08 00:00:00+00:00,3454.2,3730.71,2852.0,3155.11,4111856.8835,2024-04-14 23:59:59.999000+00:00,13628708835.829506,9327819
2024-04-15 00:00:00+00:00,3155.11,3277.85,2865.18,3147.67,3082901.5669,2024-04-21 23:59:59.999000+00:00,9470667441.476887,8564490
2024-04-22 00:00:00+00:00,3147.66,3357.4,3066.74,3263.45,2171496.9307,2024-04-28 23:59:59.999000+00:00,6935610810.162968,5945819
2024-04-29 00:00:00+00:00,3263.44,3286.95,2817.0,3136.41,2745302.3283,2024-05-05 23:59:59.999000+00:00,8346598802.826688,6517059
2024-05-06 00:00:00+00:00,3136.4,3221.4,2878.03,2929.29,1733118.1611,2024-05-12 23:59:59.999000+00:00,5234584515.657297,4930615
2024-05-13 00:00:00+00:00,2929.3,3146.98,2862.0,3071.19,2006314.8675,2024-05-19 23:59:59.999000+00:00,6004690659.156336,4631174
2024-05-20 00:00:00+00:00,3071.2,3949.29,3047.67,3826.47,4432688.1628,2024-05-26 23:59:59.999000+00:00,16338483865.6229,10813634
2024-05-27 00:00:00+00:00,3826.47,3977.0,3702.58,3780.91,2008150.8132,2024-06-02 23:59:59.999000+00:00,7679253180.896152,5221688
2024-06-03 00:00:00+00:00,3780.92,3887.47,3600.0,3706.4,1598380.5436,2024-06-09 23:59:59.999000+00:00,6034179619.734213,3934719
2024-06-10 00:00:00+00:00,3706.4,3713.67,3362.26,3624.41,2002012.3791,2024-06-16 23:59:59.999000+00:00,7087849909.857178,4639534
2024-06-17 00:00:00+00:00,3624.41,3638.37,3355.0,3420.91,2029677.9377,2024-06-23 23:59:59.999000+00:00,7112323793.953528,4694013
2024-06-24 00:00:00+00:00,3420.91,3487.7,3240.0,3438.16,1642583.3763,2024-06-30 23:59:59.999000+00:00,5547126323.627668,4783901
2024-07-01 00:00:00+00:00,3438.16,3524.94,2810.0,2931.0,2404392.0416,2024-07-07 23:59:59.999000+00:00,7498059619.356597,9656515
2024-07-08 00:00:00+00:00,2930.99,3268.72,2822.8,3245.08,1811337.9883,2024-07-14 23:59:59.999000+00:00,5573493038.890996,8788382
2024-07-15 00:00:00+00:00,3245.2,3547.0,3233.22,3535.92,1896101.9183,2024-07-21 23:59:59.999000+00:00,6524810522.315507,8595565
2024-07-22 00:00:00+00:00,3535.93,3562.82,3087.53,3270.16,2073949.1765,2024-07-28 23:59:59.999000+00:00,6911215081.866561,8607676
2024-07-29 00:00:00+00:00,3270.16,3396.77,2630.0,2688.92,2315109.2317,2024-08-04 23:59:59.999000+00:00,7129388578.98274,11929086
2024-08-05 00:00:00+00:00,2688.91,2724.1,2111.0,2555.38,5404357.4398,2024-08-11 23:59:59.999000+00:00,13153948177.472485,18103693
2024-08-12 00:00:00+00:00,2555.38,2780.0,2510.05,2612.15,2038545.3388,2024-08-18 23:59:59.999000+00:00,5386366733.823856,9710387
2024-08-19 00:00:00+00:00,2612.15,2820.0,2536.22,2746.13,1770389.3741,2024-08-25 23:59:59.999000+00:00,4723655770.482488,8873541
2024-08-26 00:00:00+00:00,2746.12,2762.0,2392.96,2425.72,1972091.5264,2024-09-01 23:59:59.999000+00:00,5004467674.398416,10876107
2024-09-02 00:00:00+00:00,2425.71,2564.83,2150.55,2297.3,2205410.4186,2024-09-08 23:59:59.999000+00:00,5206588826.169381,11529653
2024-09-09 00:00:00+00:00,2297.3,2464.82,2272.8,2316.1,1582774.647,2024-09-15 23:59:59.999000+00:00,3729373125.166652,8868423
2024-09-16 00:00:00+00:00,2316.09,2632.57,2252.39,2581.0,1934203.9178,2024-09-22 23:59:59.999000+00:00,4685733392.628976,16068416
2024-09-23 00:00:00+00:00,2580.99,2728.6,2539.49,2657.62,1700523.1697,2024-09-29 23:59:59.999000+00:00,4498680076.506807,16776038
2024-09-30 00:00:00+00:00,2657.62,2663.5,2310.0,2440.03,1866301.096,2024-10-06 23:59:59.999000+00:00,4606589002.490642,20406126
2024-10-07 00:00:00+00:00,2440.02,2521.0,2330.66,2468.91,1496864.6501,2024-10-13 23:59:59.999000+00:00,3643786014.9811873,14630516
2024-10-14 00:00:00+00:00,2468.92,2759.0,2443.39,2746.91,1988901.4205,2024-10-20 23:59:59.999000+00:00,5206160694.830305,17633332
2024-10-21 00:00:00+00:00,2746.91,2769.48,2382.59,2507.8,2121027.5261,2024-10-27 23:59:59.999000+00:00,5413040035.169484,16638769
2024-10-28 00:00:00+00:00,2507.8,2722.3,2411.0,2457.73,2528794.7142,2024-11-03 23:59:59.999000+00:00,6494533272.236448,21041446
2024-11-04 00:00:00+00:00,2457.73,3248.52,2357.59,3183.21,4332044.1216,2024-11-10 23:59:59.999000+00:00,12254283825.526213,30927341
2024-11-11 00:00:00+00:00,3183.2,3442.5,3014.5,3076.0,4891858.4823,2024-11-17 23:59:59.999000+00:00,15651514800.397694,47864831
2024-11-18 00:00:00+00:00,3075.99,3497.51,3029.41,3361.2,4422697.3945,2024-11-24 23:59:59.999000+00:00,14359951159.279036,46122118
2024-11-25 00:00:00+00:00,3361.21,3746.8,3252.0,3707.61,4295514.8505,2024-12-01 23:59:59.999000+00:00,15145348057.627445,41481958
2024-12-02 00:00:00+00:00,3707.61,4087.73,3500.0,4004.15,4669905.3912,2024-12-08 23:59:59.999000+00:00,17726491167.830585,41015951
2024-12-09 00:00:00+00:00,4004.15,4006.17,3509.0,3959.09,3822903.4975,2024-12-15 23:59:59.999000+00:00,14508040452.656614,44163318
2024-12-16 00:00:00+00:00,3959.09,4107.8,3101.9,3281.83,5094815.4058,2024-12-22 23:59:59.999000+00:00,18269374045.52081,39242485
2024-12-23 00:00:00+00:00,3281.83,3547.95,3216.97,3356.48,2008743.4021,2024-12-29 23:59:59.999000+00:00,6800837859.46738,17222860
2024-12-30 00:00:00+00:00,3356.48,3675.25,3305.0,3635.99,1971470.8374,2025-01-05 23:59:59.999000+00:00,6822460575.039922,13600604
2025-01-06 00:00:00+00:00,3636.0,3744.83,3158.0,3267.3,2728455.8925,2025-01-12 23:59:59.999000+00:00,9209928045.907148,19304463
2025-01-13 00:00:00+00:00,3267.3,3525.72,2920.0,3215.12,4650735.5624,2025-01-19 23:59:59.999000+00:00,15205766897.580929,26865610
2025-01-20 00:00:00+00:00,3215.2,3453.69,3142.78,3232.61,3594143.0907,2025-01-26 23:59:59.999000+00:00,11857347989.506151,22000631
2025-01-27 00:00:00+00:00,3232.61,3437.31,2750.71,2869.68,3917894.0487,2025-02-02 23:59:59.999000+00:00,12298672037.760267,26191788
2025-02-03 00:00:00+00:00,2869.68,2921.0,2125.01,2627.18,6935945.7161,2025-02-09 23:59:59.999000+00:00,18570233463.346035,30080201
2025-02-10 00:00:00+00:00,2627.18,2795.45,2546.92,2661.41,2786533.3434,2025-02-16 23:59:59.999000+00:00,7434452424.128744,18690482
2025-02-17 00:00:00+00:00,2661.41,2857.34,2605.44,2819.69,3853924.8175,2025-02-23 23:59:59.999000+00:00,10527281955.207413,21517690
2025-02-24 00:00:00+00:00,2819.7,2839.95,2076.26,2518.11,6704218.924,2025-03-02 23:59:59.999000+00:00,15867061335.796768,34415210
2025-03-03 00:00:00+00:00,2518.12,2523.56,1989.66,2020.41,5364278.6674,2025-03-09 23:59:59.999000+00:00,11684745412.530464,26974335
2025-03-10 00:00:00+00:00,2020.43,2152.4,1754.28,1887.0,4688568.5488,2025-03-16 23:59:59.999000+00:00,8968293090.227163,20052703
2025-03-17 00:00:00+00:00,1887.01,2069.9,1872.31,2005.99,2463197.0745,2025-03-23 23:59:59.999000+00:00,4853717930.178928,10893128
2025-03-24 00:00:00+00:00,2005.99,2104.11,1767.69,1807.74,2960069.0978,2025-03-30 23:59:59.999000+00:00,5815598225.19042,11589219
2025-03-31 00:00:00+00:00,1807.74,1957.0,1537.5,1580.76,3964057.6385,2025-04-06 23:59:59.999000+00:00,7094162396.628328,17173487
2025-04-07 00:00:00+00:00,1580.77,1689.0,1385.05,1597.76,7601517.2827,2025-04-13 23:59:59.999000+00:00,11742052640.040869,24146305
2025-04-14 00:00:00+00:00,1597.76,1691.5,1538.07,1587.36,2882924.9212,2025-04-20 23:59:59.999000+00:00,4633183231.123708,14341081
2025-04-21 00:00:00+00:00,1587.36,1857.47,1537.26,1791.29,4456545.8725,2025-04-27 23:59:59.999000+00:00,7712990841.023184,20500943
2025-04-28 00:00:00+00:00,1791.29,1873.17,1731.7,1808.86,2941122.6775,2025-05-04 23:59:59.999000+00:00,5335733332.269067,15082024
2025-05-05 00:00:00+00:00,1808.86,2608.13,1752.0,2514.57,6134223.597,2025-05-11 23:59:59.999000+00:00,13476545428.782907,28407994
2025-05-12 00:00:00+00:00,2514.58,2738.5,2323.21,2497.78,5609427.8904,2025-05-18 23:59:59.999000+00:00,14292897536.324394,28272064
2025-05-19 00:00:00+00:00,2497.78,2734.23,2348.38,2551.22,5076059.3723,2025-05-25 23:59:59.999000+00:00,12935524012.843035,29436180
2025-05-26 00:00:00+00:00,2551.22,2788.0,2468.56,2539.21,4022669.1595,2025-06-01 23:59:59.999000+00:00,10506733266.467949,23434121
2025-06-02 00:00:00+00:00,2539.2,2679.88,2381.49,2509.83,3344811.759,2025-06-08 23:59:59.999000+00:00,8504029604.299519,19508550
2025-06-09 00:00:00+00:00,2509.84,2879.22,2436.98,2547.61,5090252.9755,2025-06-15 23:59:59.999000+00:00,13499020284.671986,27115992
2025-06-16 00:00:00+00:00,2547.62,2680.34,2111.89,2227.7,4122506.1539,2025-06-22 23:59:59.999000+00:00,10085266245.111221,23567337
2025-06-23 00:00:00+00:00,2227.7,2525.0,2188.0,2500.09,2961524.7848,2025-06-29 23:59:59.999000+00:00,7111412129.886653,17705349
2025-06-30 00:00:00+00:00,2500.09,2635.5,2373.0,2570.35,2819702.2414,2025-07-06 23:59:59.999000+00:00,7105521346.542503,13804112
2025-07-07 00:00:00+00:00,2570.35,3040.15,2512.0,2972.03,3937696.2647,2025-07-13 23:59:59.999000+00:00,11110426793.71006,19021262
2025-07-14 00:00:00+00:00,2972.03,3824.56,2932.46,3756.69,6187124.6691,2025-07-20 23:59:59.999000+00:00,20822649412.4534,29008709
2025-07-21 00:00:00+00:00,3756.69,3879.82,3502.85,3872.1,4861139.2263,2025-07-27 23:59:59.999000+00:00,18007584625.93094,24229381
2025-07-28 00:00:00+00:00,3872.11,3941.0,3354.28,3496.74,3821131.0731,2025-08-03 23:59:59.999000+00:00,14115448195.529034,23586922
2025-08-04 00:00:00+00:00,3496.75,4332.6,3490.73,4250.57,3859485.7789,2025-08-10 23:59:59.999000+00:00,15036323980.325964,24872897
2025-08-11 00:00:00+00:00,4250.58,4788.0,4166.77,4472.33,5480879.8797,2025-08-17 23:59:59.999000+00:00,24752460272.90258,32431501
2025-08-18 00:00:00+00:00,4472.34,4956.78,4060.0,4780.15,5387659.71698,2025-08-24 23:59:59.999000+00:00,24027901599.575443,32505804
2025-08-25 00:00:00+00:00,4780.15,4797.97,4257.2,4391.83,4346549.4528,2025-08-31 23:59:59.999000+00:00,19537625509.157017,27808413
2025-09-01 00:00:00+00:00,4391.83,4491.84,4210.61,4306.19,2982279.2676,2025-09-07 23:59:59.999000+00:00,12999840326.346476,23665330
2025-09-08 00:00:00+00:00,4306.19,4769.36,4276.76,4604.49,2909677.3399,2025-09-14 23:59:59.999000+00:00,12996774179.429417,21757820
2025-09-15 00:00:00+00:00,4604.48,4670.28,4412.0,4444.97,2084983.7991,2025-09-21 23:59:59.999000+00:00,9426344058.271599,18133935
2025-09-22 00:00:00+00:00,4444.98,4455.76,3815.0,4142.16,3296200.6113,2025-09-28 23:59:59.999000+00:00,13425401508.7257,28231602
2025-09-29 00:00:00+00:00,4142.16,4618.17,4082.25,4514.32,2997297.5318,2025-10-05 23:59:59.999000+00:00,13079873063.764511,27503698
2025-10-06 00:00:00+00:00,4514.32,4755.0,3435.0,4152.29,5107933.9309,2025-10-12 23:59:59.999000+00:00,21266219958.694473,50334642
2025-10-13 00:00:00+00:00,4152.29,4292.0,3674.5,3982.58,4345072.9585,2025-10-19 23:59:59.999000+00:00,17308887152.735977,51873730
2025-10-20 00:00:00+00:00,3982.58,4178.78,3710.0,4158.46,3081488.9408,2025-10-26 23:59:59.999000+00:00,12114831178.55857,32876451
2025-10-27 00:00:00+00:00,4158.46,4253.72,3680.0,3906.58,2825722.9881,2025-11-02 23:59:59.999000+00:00,11189596554.552572,31896599
2025-11-03 00:00:00+00:00,3906.58,3914.29,3057.0,3583.46,5260194.5621,2025-11-09 23:59:59.999000+00:00,18031658960.787437,46378043
2025-11-10 00:00:00+00:00,3583.46,3658.98,3004.0,3095.29,4560190.5842,2025-11-16 23:59:59.999000+00:00,15266318483.522999,44242635
2025-11-17 00:00:00+00:00,3095.29,3223.38,2623.57,2802.16,5034566.9119,2025-11-23 23:59:59.999000+00:00,14701146536.86877,46935228
2025-11-24 00:00:00+00:00,2802.16,3099.0,2763.0,2991.26,2529724.5125,2025-11-30 23:59:59.999000+00:00,7470400884.229423,24463710
2025-12-01 00:00:00+00:00,2991.25,3240.35,2716.04,3059.85,3494312.3852,2025-12-07 23:59:59.999000+00:00,10483666481.271458,38032328
2025-12-08 00:00:00+00:00,3059.86,3447.44,3024.44,3063.5,2951590.4138,2025-12-14 23:59:59.999000+00:00,9465763528.18214,39057855
2025-12-15 00:00:00+00:00,3063.49,3177.5,2775.19,3002.02,2777418.4113,2025-12-21 23:59:59.999000+00:00,8173592223.491326,39194451
2025-12-22 00:00:00+00:00,3002.03,3077.39,2888.7,2950.91,1609371.7017,2025-12-28 23:59:59.999000+00:00,4765998176.864666,22205755
2025-12-29 00:00:00+00:00,2950.91,3167.22,2910.25,3144.7,1828233.119,2026-01-04 23:59:59.999000+00:00,5528709948.586944,22757299
2026-01-05 00:00:00+00:00,3144.71,3308.86,3054.65,3123.45,1966226.1958,2026-01-11 23:59:59.999000+00:00,6229377762.677482,27119893
2026-01-12 00:00:00+00:00,3123.46,3402.89,3065.55,3284.03,2170190.7821,2026-01-18 23:59:59.999000+00:00,7103373488.998495,26283635
2026-01-19 00:00:00+00:00,3284.04,3284.58,2787.0,2816.89,2620852.7895,2026-01-25 23:59:59.999000+00:00,7889084514.238224,35697613
2026-01-26 00:00:00+00:00,2816.9,3045.78,2222.0,2270.15,4754809.2738,2026-02-01 23:59:59.999000+00:00,12651581564.829576,54058211
2026-02-02 00:00:00+00:00,2270.16,2396.62,1747.8,2089.74,9514429.9807,2026-02-08 23:59:59.999000+00:00,19940538604.463352,72053189
2026-02-09 00:00:00+00:00,2089.73,2147.73,1897.24,1966.58,3638028.3128,2026-02-15 23:59:59.999000+00:00,7322491372.730764,36485069
2026-02-16 00:00:00+00:00,1966.59,2039.05,1907.0,1957.82,2172244.0174,2026-02-22 23:59:59.999000+00:00,4276414903.6176887,27027576
2026-02-23 00:00:00+00:00,1957.82,2148.39,1800.0,1939.71,3527751.3736,2026-03-01 23:59:59.999000+00:00,6874637913.176432,47474672
2026-03-02 00:00:00+00:00,1939.71,2199.0,1916.14,1937.1,3243786.1647,2026-03-08 23:59:59.999000+00:00,6567802633.257041,45611580
2026-03-09 00:00:00+00:00,1937.11,2209.03,1929.65,2108.59,2568639.6236,2026-03-15 23:59:59.999000+00:00,5298499816.820596,29407293
